game_id,player_name,team_abrev,kills,deaths,assists,adr,fk,fd
0,mazin,MIBR,20,15,10,161,3,1
0,artzin,MIBR,18,15,9,139,7,0
0,ShahZaM,MIBR,12,14,9,122,2,1
0,liazzi,MIBR,13,14,5,126,0,2
0,Pa1nt,MIBR,11,17,6,98,2,4
0,tex,LEV,20,15,2,179,3,3
0,Mazino,LEV,22,15,9,175,1,3
0,kiNgg,LEV,12,14,8,111,2,3
0,C0M,LEV,10,14,7,106,0,1
0,aspas,LEV,11,16,4,113,2,4
1,mazin,MIBR,15,14,5,150,3,1
1,artzin,MIBR,16,15,4,150,0,3
1,ShahZaM,MIBR,11,15,5,127,1,3
1,Pa1nt,MIBR,8,18,6,105,2,5
1,liazzi,MIBR,8,16,1,80,1,1
1,kiNgg,LEV,22,10,8,210,4,0
1,aspas,LEV,21,8,4,179,5,1
1,C0M,LEV,17,13,5,156,2,0
1,Mazino,LEV,9,14,12,124,1,3
1,tex,LEV,9,13,3,104,1,3
2,zekken,SEN,22,14,7,222,7,4
2,Sacy,SEN,19,10,9,161,0,2
2,Zellsis,SEN,16,10,6,131,1,0
2,TenZ,SEN,13,13,14,127,1,1
2,johnqt,SEN,10,11,5,96,2,2
2,s0m,NRG,14,17,6,142,4,4
2,Ethan,NRG,14,15,10,121,3,0
2,Victor,NRG,11,17,5,116,2,6
2,FiNESSE,NRG,9,16,4,79,1,0
2,crashies,NRG,10,16,4,92,0,2
3,TenZ,SEN,23,16,10,140,4,2
3,zekken,SEN,24,19,14,206,5,4
3,Zellsis,SEN,21,14,16,138,1,1
3,Sacy,SEN,19,16,8,132,3,3
3,johnqt,SEN,15,17,4,108,1,2
3,Ethan,NRG,18,19,13,117,2,3
3,s0m,NRG,16,18,15,123,0,2
3,Victor,NRG,23,24,5,177,7,7
3,crashies,NRG,13,19,10,92,1,1
3,FiNESSE,NRG,12,22,4,100,2,1
4,Khalil,FUR,22,15,9,150,4,2
4,nzr,FUR,23,16,4,163,1,2
4,havoc,FUR,21,21,7,170,1,3
4,mwzera,FUR,18,22,5,128,5,4
4,xand,FUR,16,18,12,98,3,1
4,eeiu,100T,19,18,6,154,0,0
4,Cryocells,100T,23,21,2,137,3,4
4,Asuna,100T,16,20,7,116,1,5
4,bang,100T,17,19,6,133,6,3
4,Boostio,100T,17,22,7,141,2,2
5,Khalil,FUR,31,17,10,172,1,3
5,nzr,FUR,24,19,20,147,1,1
5,havoc,FUR,18,19,3,116,1,3
5,mwzera,FUR,21,27,12,136,6,6
5,xand,FUR,14,22,7,106,1,7
5,Asuna,100T,23,21,17,142,5,2
5,Boostio,100T,21,21,9,148,1,2
5,eeiu,100T,17,19,13,141,2,1
5,bang,100T,20,21,12,109,4,3
5,Cryocells,100T,23,26,8,153,8,2
6,Less,LOUD,20,9,6,170,2,1
6,saadhak,LOUD,20,15,7,188,3,4
6,cauanzin,LOUD,17,13,8,146,0,4
6,tuyz,LOUD,14,12,5,119,0,2
6,pANcada,LOUD,11,11,9,76,2,2
6,jawgemo,EG,19,18,7,207,8,1
6,supamen,EG,20,16,4,165,1,2
6,NaturE,EG,6,14,7,63,1,1
6,Derrek,EG,7,16,7,65,1,0
6,Apoth,EG,8,18,1,90,2,3
7,pANcada,LOUD,12,13,9,126,1,3
7,Less,LOUD,14,12,2,137,1,1
7,cauanzin,LOUD,14,15,8,159,1,1
7,saadhak,LOUD,11,16,5,135,2,5
7,tuyz,LOUD,9,15,3,103,2,2
7,jawgemo,EG,22,14,5,206,8,1
7,Derrek,EG,15,10,8,126,1,0
7,Apoth,EG,15,13,4,140,2,1
7,NaturE,EG,9,12,12,101,1,2
7,supamen,EG,10,11,10,82,0,3
8,tuyz,LOUD,22,15,6,172,2,1
8,cauanzin,LOUD,21,17,7,179,4,2
8,Less,LOUD,17,15,5,122,1,3
8,saadhak,LOUD,15,17,6,114,3,4
8,pANcada,LOUD,12,14,6,114,1,3
8,Derrek,EG,20,15,8,160,1,0
8,jawgemo,EG,17,17,3,129,5,1
8,NaturE,EG,13,16,5,118,4,1
8,supamen,EG,20,21,2,129,2,7
8,Apoth,EG,8,18,7,74,1,2
9,leaf,G2,18,16,8,147,2,1
9,valyn,G2,19,17,6,137,2,1
9,trent,G2,16,14,4,119,2,3
9,JonahP,G2,14,17,17,113,3,2
9,icy,G2,16,16,6,104,2,6
9,Xeppaa,C9,14,16,17,131,2,2
9,runi,C9,15,14,13,142,0,0
9,OXY,C9,22,18,2,145,6,3
9,moose,C9,15,16,4,116,2,1
9,vanity,C9,14,19,11,106,3,5
10,valyn,G2,15,12,7,146,2,1
10,trent,G2,11,13,5,108,2,2
10,leaf,G2,11,15,3,135,1,3
10,JonahP,G2,10,15,3,106,1,2
10,icy,G2,9,15,6,104,2,2
10,runi,C9,18,8,4,166,2,0
10,moose,C9,13,8,5,156,1,1
10,OXY,C9,14,14,3,142,6,4
10,Xeppaa,C9,15,13,3,156,0,3
10,vanity,C9,10,13,5,109,1,0
11,leaf,G2,19,12,8,181,1,3
11,trent,G2,15,11,6,125,2,1
11,JonahP,G2,15,11,4,103,3,1
11,icy,G2,14,13,5,123,1,0
11,valyn,G2,11,14,8,106,6,3
11,vanity,C9,21,16,7,176,3,2
11,OXY,C9,18,16,7,167,3,3
11,runi,C9,9,12,8,83,1,1
11,moose,C9,7,14,1,80,0,2
11,Xeppaa,C9,6,16,5,70,1,5
12,supamen,EG,23,8,4,215,2,1
12,Apoth,EG,18,8,12,158,2,4
12,jawgemo,EG,18,10,8,200,2,0
12,Derrek,EG,14,11,7,132,4,1
12,NaturE,EG,10,11,6,116,1,1
12,nzr,FUR,16,17,2,186,1,1
12,Khalil,FUR,12,17,4,114,1,1
12,xand,FUR,7,16,6,87,1,2
12,mwzera,FUR,8,17,4,85,3,3
12,havoc,FUR,5,16,4,75,1,4
13,jawgemo,EG,23,14,5,252,8,3
13,Derrek,EG,15,10,10,185,1,0
13,NaturE,EG,17,8,9,153,1,0
13,supamen,EG,12,7,8,100,1,2
13,Apoth,EG,8,10,5,84,0,1
13,havoc,FUR,14,14,1,130,1,4
13,nzr,FUR,13,14,5,144,1,0
13,Khalil,FUR,10,15,2,125,0,1
13,mwzera,FUR,9,16,5,109,4,4
13,xand,FUR,3,16,5,44,0,2
14,zekken,SEN,22,20,12,207,4,3
14,Zellsis,SEN,13,11,15,97,0,0
14,TenZ,SEN,21,16,6,160,3,5
14,johnqt,SEN,15,14,8,133,0,1
14,Sacy,SEN,15,17,8,100,3,5
14,Melser,KRÜ,19,15,6,133,3,3
14,heat,KRÜ,19,17,5,148,2,1
14,keznit,KRÜ,19,20,6,169,6,1
14,Klaus,KRÜ,12,18,4,97,2,3
14,Shyy,KRÜ,9,16,2,77,1,2
15,TenZ,SEN,18,13,4,115,3,1
15,zekken,SEN,19,19,4,172,4,5
15,Sacy,SEN,15,13,4,146,2,1
15,Zellsis,SEN,12,12,7,96,1,1
15,johnqt,SEN,11,16,6,111,2,3
15,keznit,KRÜ,20,16,3,162,5,2
15,heat,KRÜ,16,15,8,120,1,3
15,Melser,KRÜ,15,13,7,110,2,1
15,Shyy,KRÜ,14,15,8,115,1,3
15,Klaus,KRÜ,8,16,7,88,2,3
16,saadhak,LOUD,19,11,14,182,2,1
16,tuyz,LOUD,20,13,5,176,3,3
16,Less,LOUD,16,11,4,122,3,1
16,pANcada,LOUD,16,11,5,142,1,1
16,cauanzin,LOUD,15,12,4,132,3,2
16,mazin,MIBR,14,14,3,133,0,0
16,liazzi,MIBR,13,16,11,117,1,2
16,rich,MIBR,12,20,1,141,3,2
16,artzin,MIBR,9,16,6,112,1,2
16,Palla,MIBR,10,20,3,96,3,6
17,cauanzin,LOUD,23,17,8,173,3,2
17,Less,LOUD,19,17,7,144,2,1
17,pANcada,LOUD,14,15,7,119,1,1
17,tuyz,LOUD,11,19,3,85,1,3
17,saadhak,LOUD,9,22,8,89,5,5
17,artzin,MIBR,20,15,7,169,3,5
17,rich,MIBR,22,16,5,164,1,1
17,mazin,MIBR,13,10,8,96,0,0
17,liazzi,MIBR,18,14,3,136,0,2
17,Palla,MIBR,17,21,3,167,8,4
18,tuyz,LOUD,21,10,1,145,1,2
18,Less,LOUD,21,14,4,172,2,1
18,cauanzin,LOUD,16,14,9,136,3,3
18,pANcada,LOUD,10,13,8,93,0,2
18,saadhak,LOUD,11,20,6,121,4,4
18,liazzi,MIBR,16,14,8,139,1,0
18,artzin,MIBR,18,17,3,144,3,3
18,mazin,MIBR,9,15,7,90,1,1
18,Palla,MIBR,18,18,3,146,6,4
18,rich,MIBR,10,15,3,95,1,2
19,aspas,LEV,23,16,1,160,7,4
19,kiNgg,LEV,18,13,7,159,3,2
19,tex,LEV,17,15,11,130,1,2
19,Mazino,LEV,17,15,9,144,0,0
19,C0M,LEV,10,13,16,64,2,2
19,Boostio,100T,20,17,6,164,1,1
19,eeiu,100T,13,13,15,101,0,0
19,Asuna,100T,17,20,7,153,5,3
19,Cryocells,100T,13,19,9,121,1,3
19,bang,100T,9,16,1,68,3,6
20,kiNgg,LEV,16,8,10,164,1,1
20,aspas,LEV,19,10,3,186,6,2
20,Mazino,LEV,17,9,9,168,1,0
20,tex,LEV,12,11,2,115,1,1
20,C0M,LEV,6,10,9,85,3,1
20,Asuna,100T,10,13,10,133,1,1
20,eeiu,100T,13,13,4,134,1,1
20,bang,100T,11,15,10,128,0,3
20,Boostio,100T,7,15,4,92,2,3
20,Cryocells,100T,7,14,2,90,1,4
21,Ethan,NRG,18,18,4,182,4,2
21,s0m,NRG,13,16,10,149,0,2
21,crashies,NRG,9,12,6,79,1,1
21,Victor,NRG,13,17,6,119,3,4
21,FiNESSE,NRG,4,18,4,44,1,2
21,leaf,G2,25,9,6,205,5,1
21,trent,G2,21,14,9,196,1,2
21,icy,G2,14,10,4,142,3,2
21,valyn,G2,12,10,9,96,1,2
21,JonahP,G2,9,14,8,92,1,2
22,Ethan,NRG,19,14,7,143,3,1
22,crashies,NRG,12,11,8,127,0,0
22,s0m,NRG,13,16,10,115,3,2
22,Victor,NRG,14,15,4,142,1,7
22,FiNESSE,NRG,9,20,6,96,2,2
22,JonahP,G2,16,11,13,134,1,1
22,trent,G2,17,16,7,160,4,2
22,valyn,G2,13,13,9,135,1,0
22,leaf,G2,15,14,3,141,3,3
22,icy,G2,15,13,1,126,3,3
23,zekken,SEN,19,10,3,169,7,1
23,Zellsis,SEN,13,7,10,118,0,1
23,TenZ,SEN,13,9,8,130,1,1
23,johnqt,SEN,15,11,2,128,3,1
23,Sacy,SEN,8,9,9,92,1,2
23,moose,C9,8,11,2,77,0,1
23,Xeppaa,C9,10,13,7,117,2,1
23,runi,C9,10,14,10,92,0,1
23,OXY,C9,12,16,2,128,2,6
23,vanity,C9,6,14,4,65,2,3
24,Zellsis,SEN,18,11,4,152,0,2
24,zekken,SEN,21,14,3,192,9,4
24,johnqt,SEN,11,10,3,89,0,0
24,Sacy,SEN,10,12,10,104,1,3
24,TenZ,SEN,11,14,9,127,1,2
24,Xeppaa,C9,17,13,8,147,3,1
24,vanity,C9,15,14,6,141,2,4
24,moose,C9,11,13,3,86,2,2
24,runi,C9,10,15,5,104,1,1
24,OXY,C9,6,16,5,77,2,2
25,Apoth,EG,12,14,1,121,2,2
25,jawgemo,EG,10,16,7,114,1,2
25,supamen,EG,9,20,2,104,3,4
25,Derrek,EG,6,14,2,71,0,2
25,NaturE,EG,6,17,0,61,0,2
25,aspas,LEV,23,8,2,222,5,1
25,Mazino,LEV,21,10,7,196,4,3
25,kiNgg,LEV,16,7,8,169,1,0
25,C0M,LEV,14,8,4,156,0,1
25,tex,LEV,7,10,3,79,2,1
26,Derrek,EG,23,16,5,192,1,2
26,supamen,EG,19,19,4,156,4,5
26,NaturE,EG,12,15,13,95,0,0
26,jawgemo,EG,16,19,9,135,1,4
26,Apoth,EG,10,19,9,120,2,4
26,aspas,LEV,25,17,5,200,4,2
26,Mazino,LEV,20,14,11,134,3,1
26,kiNgg,LEV,17,12,13,130,2,1
26,C0M,LEV,11,17,10,121,2,2
26,tex,LEV,15,20,8,112,4,2
27,pANcada,LOUD,28,13,5,208,2,3
27,cauanzin,LOUD,20,18,6,155,5,1
27,saadhak,LOUD,15,16,5,137,3,7
27,tuyz,LOUD,13,15,11,99,0,1
27,Less,LOUD,13,17,2,116,1,1
27,mwzera,FUR,25,19,7,184,5,2
27,Khalil,FUR,18,16,7,141,2,2
27,havoc,FUR,15,18,3,134,2,2
27,nzr,FUR,12,16,4,105,0,0
27,xand,FUR,9,20,9,82,4,5
28,cauanzin,LOUD,24,16,3,160,1,2
28,pANcada,LOUD,20,17,4,163,4,1
28,Less,LOUD,18,19,6,175,4,2
28,tuyz,LOUD,11,17,5,105,1,3
28,saadhak,LOUD,9,19,12,96,1,4
28,havoc,FUR,22,15,5,198,4,4
28,nzr,FUR,22,16,8,181,1,0
28,Khalil,FUR,12,14,8,100,1,0
28,xand,FUR,15,16,7,100,2,4
28,mwzera,FUR,17,21,3,137,4,3
29,saadhak,LOUD,12,18,8,152,3,3
29,Less,LOUD,13,15,3,102,2,2
29,tuyz,LOUD,18,17,9,137,2,2
29,pANcada,LOUD,10,16,10,87,0,1
29,cauanzin,LOUD,10,18,1,95,4,3
29,mwzera,FUR,29,12,6,251,4,2
29,Khalil,FUR,20,10,12,153,2,3
29,havoc,FUR,17,14,6,146,5,2
29,nzr,FUR,8,13,15,100,0,3
29,xand,FUR,10,14,9,66,0,1
30,rich,MIBR,17,13,2,178,3,0
30,Palla,MIBR,14,16,1,141,4,3
30,mazin,MIBR,7,14,6,95,1,3
30,liazzi,MIBR,6,16,5,70,1,0
30,artzin,MIBR,5,17,2,69,1,2
30,Boostio,100T,20,9,2,209,2,3
30,eeiu,100T,17,9,3,183,1,0
30,Asuna,100T,12,8,9,124,1,2
30,bang,100T,12,11,2,116,3,1
30,Cryocells,100T,15,12,1,126,1,4
31,Palla,MIBR,15,16,5,155,4,4
31,artzin,MIBR,12,16,8,111,1,0
31,liazzi,MIBR,13,16,4,129,3,4
31,mazin,MIBR,7,14,6,79,0,2
31,rich,MIBR,7,16,3,65,1,0
31,eeiu,100T,26,5,6,201,2,0
31,bang,100T,15,13,10,154,4,4
31,Boostio,100T,13,12,16,133,1,0
31,Asuna,100T,12,12,6,117,3,4
31,Cryocells,100T,12,13,8,123,0,1
32,Ethan,NRG,25,16,4,193,6,1
32,s0m,NRG,18,17,8,146,2,1
32,Victor,NRG,18,16,4,140,3,6
32,crashies,NRG,12,14,8,103,0,2
32,FiNESSE,NRG,7,14,3,73,0,0
32,Melser,KRÜ,20,17,11,187,2,1
32,Shyy,KRÜ,16,14,9,116,1,2
32,heat,KRÜ,16,17,6,141,3,2
32,keznit,KRÜ,17,17,8,174,3,4
32,mta,KRÜ,8,15,4,67,1,2
33,s0m,NRG,22,11,10,183,1,0
33,FiNESSE,NRG,18,12,6,162,2,1
33,crashies,NRG,14,12,3,139,1,0
33,Victor,NRG,16,15,2,137,5,5
33,Ethan,NRG,14,17,10,131,5,1
33,Shyy,KRÜ,15,15,5,136,0,0
33,Melser,KRÜ,16,16,4,127,3,3
33,heat,KRÜ,15,18,6,143,0,4
33,mta,KRÜ,11,17,5,108,1,0
33,keznit,KRÜ,10,18,2,85,3,7
34,crashies,NRG,19,11,9,181,3,0
34,s0m,NRG,14,12,9,125,3,0
34,Victor,NRG,18,15,1,169,7,3
34,Ethan,NRG,11,12,11,100,0,1
34,FiNESSE,NRG,12,13,5,102,2,1
34,keznit,KRÜ,20,14,5,187,3,3
34,heat,KRÜ,15,15,11,128,1,5
34,Shyy,KRÜ,13,14,2,137,0,1
34,Melser,KRÜ,9,15,0,86,1,3
34,mta,KRÜ,6,17,4,59,0,3
35,valyn,G2,11,15,6,112,1,2
35,JonahP,G2,8,14,2,90,3,2
35,icy,G2,10,16,2,122,3,4
35,leaf,G2,9,16,4,124,0,1
35,trent,G2,7,15,3,76,0,1
35,keznit,KRÜ,24,9,2,249,4,0
35,Melser,KRÜ,17,8,6,173,2,5
35,heat,KRÜ,13,9,9,118,1,1
35,mta,KRÜ,10,9,7,108,3,0
35,Shyy,KRÜ,12,10,1,119,0,1
36,JonahP,G2,27,20,20,132,3,2
36,trent,G2,22,21,15,157,1,5
36,leaf,G2,22,25,6,157,4,5
36,valyn,G2,16,22,12,114,2,2
36,icy,G2,23,24,7,148,2,4
36,keznit,KRÜ,29,21,7,163,7,1
36,Melser,KRÜ,23,21,11,145,3,2
36,heat,KRÜ,19,20,15,113,4,3
36,Shyy,KRÜ,27,24,3,157,2,3
36,mta,KRÜ,14,24,15,112,2,3
37,JonahP,G2,15,10,7,143,3,0
37,valyn,G2,20,13,4,190,2,1
37,icy,G2,16,12,4,151,1,5
37,trent,G2,11,11,7,103,0,1
37,leaf,G2,11,13,7,137,3,2
37,Shyy,KRÜ,15,12,4,174,1,2
37,Melser,KRÜ,15,14,5,146,1,1
37,keznit,KRÜ,13,15,4,157,3,5
37,mta,KRÜ,9,16,10,94,4,0
37,heat,KRÜ,7,16,8,85,0,1
38,pANcada,LOUD,18,16,15,146,4,1
38,Less,LOUD,15,18,5,99,2,1
38,cauanzin,LOUD,17,21,6,142,4,2
38,tuyz,LOUD,13,19,3,111,3,5
38,saadhak,LOUD,8,17,10,68,0,2
38,C0M,LEV,23,14,8,164,5,1
38,tex,LEV,22,16,5,162,1,3
38,kiNgg,LEV,18,12,11,112,1,1
38,Mazino,LEV,16,14,15,133,0,4
38,aspas,LEV,12,15,9,107,4,4
39,cauanzin,LOUD,17,14,3,170,4,2
39,tuyz,LOUD,10,16,9,101,2,1
39,Less,LOUD,11,16,2,105,2,1
39,saadhak,LOUD,9,17,8,91,2,3
39,pANcada,LOUD,10,18,0,89,1,1
39,aspas,LEV,25,12,3,230,4,5
39,tex,LEV,20,11,2,159,1,2
39,kiNgg,LEV,16,10,3,134,1,2
39,Mazino,LEV,15,13,6,136,1,1
39,C0M,LEV,5,11,5,66,1,1
40,artzin,MIBR,24,16,1,175,2,3
40,liazzi,MIBR,15,17,9,114,0,1
40,rich,MIBR,16,19,7,120,2,3
40,Palla,MIBR,12,19,5,136,3,6
40,mazin,MIBR,9,19,2,80,3,0
40,Khalil,FUR,23,14,10,172,2,0
40,havoc,FUR,23,14,5,184,4,3
40,xand,FUR,18,17,19,142,4,1
40,mwzera,FUR,19,18,8,167,3,5
40,nzr,FUR,7,13,6,76,0,1
41,artzin,MIBR,18,15,3,159,4,1
41,rich,MIBR,15,17,6,139,2,4
41,Palla,MIBR,15,17,0,117,2,3
41,mazin,MIBR,8,15,5,84,1,1
41,liazzi,MIBR,6,17,2,67,0,2
41,Khalil,FUR,24,12,6,215,2,1
41,mwzera,FUR,19,12,2,161,5,0
41,nzr,FUR,16,13,4,151,1,1
41,havoc,FUR,12,12,5,129,3,4
41,xand,FUR,10,13,3,90,0,3
42,Ethan,NRG,15,7,10,132,0,1
42,Victor,NRG,14,8,2,159,3,4
42,s0m,NRG,14,7,7,149,2,1
42,FiNESSE,NRG,13,10,4,109,2,0
42,crashies,NRG,8,9,4,118,2,1
42,Xeppaa,C9,9,14,8,162,1,1
42,runi,C9,8,11,1,83,0,1
42,vanity,C9,10,14,3,134,2,3
42,moose,C9,6,10,1,68,2,0
42,OXY,C9,8,15,3,106,2,4
43,s0m,NRG,18,15,6,145,1,3
43,FiNESSE,NRG,17,17,12,161,0,0
43,Ethan,NRG,14,18,13,135,1,1
43,crashies,NRG,13,17,8,113,1,3
43,Victor,NRG,16,21,3,121,8,5
43,OXY,C9,33,17,4,234,7,2
43,vanity,C9,18,13,8,133,3,4
43,moose,C9,13,16,4,128,1,1
43,Xeppaa,C9,16,15,5,120,1,4
43,runi,C9,8,17,9,85,0,0
44,s0m,NRG,24,18,16,160,4,1
44,Ethan,NRG,16,16,10,118,1,2
44,FiNESSE,NRG,15,21,12,120,5,2
44,Victor,NRG,18,17,5,119,4,4
44,crashies,NRG,16,16,10,101,0,3
44,vanity,C9,21,19,9,164,3,3
44,OXY,C9,23,20,3,165,4,4
44,moose,C9,17,15,5,117,3,1
44,runi,C9,21,19,6,133,2,4
44,Xeppaa,C9,6,16,9,57,0,2
45,Derrek,EG,15,18,10,118,0,1
45,jawgemo,EG,20,19,7,156,5,7
45,supamen,EG,19,16,6,129,1,2
45,NaturE,EG,12,17,8,91,1,2
45,Apoth,EG,11,16,4,104,1,3
45,eeiu,100T,20,15,10,159,1,0
45,Asuna,100T,20,16,10,173,5,2
45,Boostio,100T,16,17,4,132,2,2
45,bang,100T,12,14,6,116,2,3
45,Cryocells,100T,18,15,5,109,5,1
46,NaturE,EG,19,16,11,143,2,3
46,supamen,EG,19,14,6,149,2,1
46,Derrek,EG,14,14,9,109,2,1
46,Apoth,EG,17,17,13,125,3,1
46,jawgemo,EG,15,19,4,145,4,4
46,eeiu,100T,18,17,15,165,1,0
46,bang,100T,24,17,8,164,1,5
46,Cryocells,100T,13,15,9,93,0,1
46,Asuna,100T,14,17,5,110,6,7
46,Boostio,100T,11,18,14,87,2,0
47,Derrek,EG,20,14,5,155,2,0
47,supamen,EG,15,16,7,130,2,3
47,NaturE,EG,15,18,8,136,2,1
47,Apoth,EG,6,17,2,105,1,4
47,jawgemo,EG,6,19,5,97,0,5
47,Cryocells,100T,25,13,1,199,7,2
47,eeiu,100T,19,9,5,161,2,1
47,Asuna,100T,14,13,24,132,2,1
47,bang,100T,14,12,12,137,1,1
47,Boostio,100T,12,15,6,138,1,2
48,Xeppaa,C9,,,,,,
48,vanity,C9,,,,,,
48,OXY,C9,,,,,,
48,runi,C9,,,,,,
48,moose,C9,,,,,,
48,Melser,KRÜ,,,,,,
48,keznit,KRÜ,,,,,,
48,mta,KRÜ,,,,,,
48,Shyy,KRÜ,,,,,,
48,heat,KRÜ,,,,,,
49,Xeppaa,C9,,,,,,
49,vanity,C9,,,,,,
49,OXY,C9,,,,,,
49,runi,C9,,,,,,
49,moose,C9,,,,,,
49,Melser,KRÜ,,,,,,
49,keznit,KRÜ,,,,,,
49,mta,KRÜ,,,,,,
49,Shyy,KRÜ,,,,,,
49,heat,KRÜ,,,,,,
50,Xeppaa,C9,,,,,,
50,vanity,C9,,,,,,
50,OXY,C9,,,,,,
50,runi,C9,,,,,,
50,moose,C9,,,,,,
50,Melser,KRÜ,,,,,,
50,keznit,KRÜ,,,,,,
50,mta,KRÜ,,,,,,
50,Shyy,KRÜ,,,,,,
50,heat,KRÜ,,,,,,
51,jawgemo,EG,,,,,,
51,Derrek,EG,,,,,,
51,NaturE,EG,,,,,,
51,supamen,EG,,,,,,
51,Apoth,EG,,,,,,
51,mazin,MIBR,,,,,,
51,artzin,MIBR,,,,,,
51,Palla,MIBR,,,,,,
51,rich,MIBR,,,,,,
51,liazzi,MIBR,,,,,,
52,jawgemo,EG,,,,,,
52,Derrek,EG,,,,,,
52,NaturE,EG,,,,,,
52,supamen,EG,,,,,,
52,Apoth,EG,,,,,,
52,mazin,MIBR,,,,,,
52,artzin,MIBR,,,,,,
52,Palla,MIBR,,,,,,
52,rich,MIBR,,,,,,
52,liazzi,MIBR,,,,,,
53,jawgemo,EG,,,,,,
53,Derrek,EG,,,,,,
53,NaturE,EG,,,,,,
53,supamen,EG,,,,,,
53,Apoth,EG,,,,,,
53,mazin,MIBR,,,,,,
53,artzin,MIBR,,,,,,
53,Palla,MIBR,,,,,,
53,rich,MIBR,,,,,,
53,liazzi,MIBR,,,,,,
54,kiNgg,LEV,,,,,,
54,Mazino,LEV,,,,,,
54,aspas,LEV,,,,,,
54,tex,LEV,,,,,,
54,C0M,LEV,,,,,,
54,Khalil,FUR,,,,,,
54,mwzera,FUR,,,,,,
54,havoc,FUR,,,,,,
54,nzr,FUR,,,,,,
54,xand,FUR,,,,,,
55,kiNgg,LEV,,,,,,
55,Mazino,LEV,,,,,,
55,aspas,LEV,,,,,,
55,tex,LEV,,,,,,
55,C0M,LEV,,,,,,
55,Khalil,FUR,,,,,,
55,mwzera,FUR,,,,,,
55,havoc,FUR,,,,,,
55,nzr,FUR,,,,,,
55,xand,FUR,,,,,,
56,kiNgg,LEV,,,,,,
56,Mazino,LEV,,,,,,
56,aspas,LEV,,,,,,
56,tex,LEV,,,,,,
56,C0M,LEV,,,,,,
56,Khalil,FUR,,,,,,
56,mwzera,FUR,,,,,,
56,havoc,FUR,,,,,,
56,nzr,FUR,,,,,,
56,xand,FUR,,,,,,
57,saadhak,LOUD,,,,,,
57,Less,LOUD,,,,,,
57,tuyz,LOUD,,,,,,
57,cauanzin,LOUD,,,,,,
57,pANcada,LOUD,,,,,,
57,Asuna,100T,,,,,,
57,bang,100T,,,,,,
57,Cryocells,100T,,,,,,
57,eeiu,100T,,,,,,
57,Boostio,100T,,,,,,
58,saadhak,LOUD,,,,,,
58,Less,LOUD,,,,,,
58,tuyz,LOUD,,,,,,
58,cauanzin,LOUD,,,,,,
58,pANcada,LOUD,,,,,,
58,Asuna,100T,,,,,,
58,bang,100T,,,,,,
58,Cryocells,100T,,,,,,
58,eeiu,100T,,,,,,
58,Boostio,100T,,,,,,
59,saadhak,LOUD,,,,,,
59,Less,LOUD,,,,,,
59,tuyz,LOUD,,,,,,
59,cauanzin,LOUD,,,,,,
59,pANcada,LOUD,,,,,,
59,Asuna,100T,,,,,,
59,bang,100T,,,,,,
59,Cryocells,100T,,,,,,
59,eeiu,100T,,,,,,
59,Boostio,100T,,,,,,
60,TenZ,SEN,,,,,,
60,zekken,SEN,,,,,,
60,Sacy,SEN,,,,,,
60,johnqt,SEN,,,,,,
60,Zellsis,SEN,,,,,,
60,trent,G2,,,,,,
60,valyn,G2,,,,,,
60,JonahP,G2,,,,,,
60,leaf,G2,,,,,,
60,icy,G2,,,,,,
61,TenZ,SEN,,,,,,
61,zekken,SEN,,,,,,
61,Sacy,SEN,,,,,,
61,johnqt,SEN,,,,,,
61,Zellsis,SEN,,,,,,
61,trent,G2,,,,,,
61,valyn,G2,,,,,,
61,JonahP,G2,,,,,,
61,leaf,G2,,,,,,
61,icy,G2,,,,,,
62,TenZ,SEN,,,,,,
62,zekken,SEN,,,,,,
62,Sacy,SEN,,,,,,
62,johnqt,SEN,,,,,,
62,Zellsis,SEN,,,,,,
62,trent,G2,,,,,,
62,valyn,G2,,,,,,
62,JonahP,G2,,,,,,
62,leaf,G2,,,,,,
62,icy,G2,,,,,,
